{"mean": [0.3086233139038086, 2.3614561557769775], "std": [0.3957596719264984, 4.672155380249023]}